claim_id,claim_police,claim_adjuster,police_adjuster,fraud_risk_score,fraud_label,risk_level
CLM015,0.5678647756576538,-0.016574207693338394,0.02353074960410595,0.8084,0,High
CLM015,0.5678647756576538,-0.016574207693338394,0.02353074960410595,0.8084,0,High
