claim_id,normalized_score
CLM014,0.0
CLM013,0.012878484762398596
CLM009,0.10587223119275854
CLM003,0.11198984688697101
CLM001,0.1821472668914981
CLM007,0.20473276774726917
CLM008,0.21340072062036583
CLM011,0.316327691881024
CLM002,0.35121223938409296
CLM004,0.35121223938409296
CLM006,0.49672611019682383
CLM012,0.7443736415564134
CLM015,1.0
CLM005,1.0
CLM010,1.0
CLM015,1.0
