claim_1,claim_2,similarity,shared_mechanic,shared_clinic,shared_lawyer,ring_score
CLM001,CLM003,0.76184785,1,1,0,73.09
CLM001,CLM007,0.74806726,1,1,0,72.4
CLM002,CLM004,1.0000001,1,1,0,85.0
CLM003,CLM007,0.7532312,1,1,0,72.66
CLM007,CLM009,0.74016225,1,0,1,72.01
CLM007,CLM010,1.0000002,1,0,1,85.0
CLM008,CLM009,0.654495,1,1,1,82.72
CLM008,CLM010,0.6921336,1,1,1,84.61
CLM009,CLM010,0.74016225,1,1,1,87.01
