claim_1,claim_2,similarity,ring_score
CLM001,CLM003,0.76184785,73.09
CLM001,CLM007,0.74806726,72.4
CLM002,CLM004,1.0000001,85.0
CLM003,CLM007,0.7532312,72.66
CLM007,CLM009,0.74016225,72.01
CLM007,CLM010,1.0000002,85.0
CLM008,CLM009,0.654495,82.72
CLM008,CLM010,0.6921336,84.61
CLM009,CLM010,0.74016225,87.01
