claim_1,claim_2,similarity
CLM001,CLM013,0.99999994
CLM002,CLM004,1.0000001
CLM005,CLM007,1.0000002
CLM005,CLM010,1.0000002
CLM005,CLM015,1.0000002
CLM006,CLM011,1.0000001
CLM007,CLM010,1.0000002
CLM007,CLM015,1.0000002
CLM008,CLM014,0.99999994
CLM009,CLM012,0.9999998
CLM010,CLM015,1.0000002
