user_id,similarity
102.0,0.42996803
104.0,0.42181644
101.0,0.41534603
105.0,0.36963978
103.0,0.25455403
