title,The Early Days of Stripe,Building SpaceX,AI for Healthcare,The Psychology of Habits,Cloud Computing Fundamentals,Modern Data Engineering,Machine Learning in Finance,Startup Fundraising Guide,Nutrition Science,Large Language Models
The Early Days of Stripe,1.0000002,0.60491216,0.09593558,0.20255241,0.2823203,0.21441258,0.30493483,0.62655663,0.23472585,0.10024057
Building SpaceX,0.60491216,1.0000002,0.1717555,0.20117478,0.25644535,0.30296105,0.35528207,0.79167366,0.33665824,0.20764989
AI for Healthcare,0.09593558,0.1717555,1.0,0.1501966,0.26319483,0.29961205,0.48962337,0.18523768,0.34414434,0.6893631
The Psychology of Habits,0.20255241,0.20117478,0.1501966,1.0000001,0.16988723,0.16885036,0.21340138,0.29436833,0.58422685,0.14165233
Cloud Computing Fundamentals,0.2823203,0.25644535,0.26319483,0.16988723,0.9999998,0.40530014,0.29446724,0.27513355,0.26107383,0.253823
Modern Data Engineering,0.21441258,0.30296105,0.29961205,0.16885036,0.40530014,1.0000001,0.38773024,0.27713224,0.35022694,0.35668528
Machine Learning in Finance,0.30493483,0.35528207,0.48962337,0.21340138,0.29446724,0.38773024,1.0,0.44833386,0.3759947,0.46243042
Startup Fundraising Guide,0.62655663,0.79167366,0.18523768,0.29436833,0.27513355,0.27713224,0.44833386,0.99999994,0.48205128,0.20393208
Nutrition Science,0.23472585,0.33665824,0.34414434,0.58422685,0.26107383,0.35022694,0.3759947,0.48205128,1.0000001,0.24013421
Large Language Models,0.10024057,0.20764989,0.6893631,0.14165233,0.253823,0.35668528,0.46243042,0.20393208,0.24013421,1.0
