user_id,precision_at_5,recall_at_5,ndcg_at_5,diversity,novelty
101,0.0,0.0,0,0.513414740562439,0.9
102,0.0,0.0,0,0.5431073009967804,0.8
103,0.0,0.0,0,0.5032526254653931,0.8
104,0.0,0.0,0,0.5570555925369263,0.8
105,0.0,0.0,0,0.5058194398880005,0.8
