Model,MAE,RMSE,R2
Linear Regression,1.7933485656257773,2.0307787099890025,0.9980096225053356
Random Forest,9.396666666666667,10.748511524857753,0.9442420366795368
