feature,importance
operating_income_million,0.30980630259245995
net_income_million,0.28072498344425584
eps,0.22879900599395736
gross_margin_pct,0.18066970796932685
