Actual Revenue,Baseline Prediction,Multimodal Prediction
222,220.75932977913175,215.47145
210,208.99466869763904,215.47145
120,123.13404417364812,128.27132
