Model,MAE,RMSE,R2
Baseline,1.7933485656257773,2.0307787099890025,0.9980096225053356
Multimodal,6.757105350494385,6.855008275578663,0.9773208498954773
