Actual Revenue,Linear Prediction,RF Prediction
222,220.75932977913175,219.85
210,208.99466869763904,198.19
120,123.13404417364812,134.23
